# UD, ID
0.000000000000000000e+00,0.000000000000000000e+00
1.588160000000000127e-01,0.000000000000000000e+00
3.457009999999999805e-01,0.000000000000000000e+00
4.656810000000000116e-01,0.000000000000000000e+00
5.185750000000000082e-01,2.844311377245509326e-07
5.471719999999999917e-01,3.690119760479042510e-05
5.641310000000000491e-01,1.198053892215568899e-04
5.740499999999999492e-01,2.102095808383233676e-04
5.896829999999999572e-01,2.983233532934132111e-04
5.972979999999999956e-01,3.895808383233532752e-04
6.043199999999999683e-01,4.840718562874251154e-04
6.048989999999999645e-01,5.774700598802395054e-04
6.181140000000000523e-01,6.680239520958083455e-04
6.221280000000000143e-01,7.602844311377245480e-04
6.214589999999999836e-01,8.580538922155689016e-04
6.289690000000000003e-01,9.479640718562875549e-04
6.276350000000000540e-01,1.042664670658682673e-03
6.340959999999999930e-01,1.135494011976047888e-03
6.376169999999999893e-01,1.227979041916167722e-03
6.420379999999999976e-01,1.319805389221556961e-03
6.458169999999999744e-01,1.411781437125748549e-03
6.434040000000000870e-01,1.506407185628742601e-03
6.496020000000000127e-01,1.598742514970060086e-03
6.537010000000000876e-01,1.692934131736526958e-03
6.570110000000000117e-01,1.785628742514970124e-03
